{
	"description": "项目配置文件",
	"packOptions": {
		"ignore": []
	},
	"setting": {
		"urlCheck": false,
		"es6": true,
		"postcss": true,
		"minified": true,
		"newFeature": true,
		"autoAudits": false
	},
	"compileType": "miniprogram",
	"libVersion": "2.5.0",
	"appid": "wx6d7ae1b38c9cefd2",
	"projectname": "%E7%AE%A1%E5%BA%97%E9%80%9A",
	"debugOptions": {
		"hidedInDevtools": []
	},
	"isGameTourist": false,
	"condition": {
		"search": {
			"current": -1,
			"list": []
		},
		"conversation": {
			"current": -1,
			"list": []
		},
		"plugin": {
			"current": -1,
			"list": []
		},
		"game": {
			"currentL": -1,
			"list": []
		},
		"miniprogram": {
			"current": 12,
			"list": [
				{
					"id": -1,
					"name": "登陆",
					"pathName": "pages/login/login",
					"query": ""
				},
				{
					"id": 1,
					"name": "首页",
					"pathName": "pages/index/index",
					"query": "23187",
					"scene": null
				},
				{
					"id": 2,
					"name": "老师详情",
					"pathName": "pages/index/detail/detail",
					"query": "teacherId=23187",
					"scene": null
				},
				{
					"id": -1,
					"name": "我的",
					"pathName": "pages/user/user",
					"query": ""
				},
				{
					"id": -1,
					"name": "消息列表",
					"pathName": "pages/user/messageList/messageList",
					"query": "",
					"scene": null
				},
				{
					"id": 5,
					"name": "员工管理",
					"pathName": "pages/member/member",
					"query": "",
					"scene": null
				},
				{
					"id": -1,
					"name": "积分详情",
					"pathName": "pages/member/integral/integral",
					"query": "",
					"scene": null
				},
				{
					"id": -1,
					"name": "门店",
					"pathName": "pages/store/store",
					"query": "",
					"scene": null
				},
				{
					"id": 8,
					"name": "线索详情",
					"pathName": "pages/member/clueDetail/clueDetail",
					"query": "teacherId=123",
					"scene": null
				},
				{
					"id": -1,
					"name": "门店详情",
					"pathName": "pages/store/detail/detail",
					"query": "",
					"scene": null
				},
				{
					"id": -1,
					"name": "回访",
					"pathName": "pages/ask/ask",
					"query": "",
					"scene": null
				},
				{
					"id": -1,
					"name": "收入内页",
					"pathName": "pages/index/income/income",
					"query": "",
					"scene": null
				},
				{
					"id": 12,
					"name": "服务报告",
					"pathName": "pages/index/detail/service/service",
					"query": "id=32",
					"scene": null
				}
			]
		}
	}
}